latitude,longitude,brightness,scan,track,acq_date,acq_time,satellite,instrument,confidence,version,bright_t31,frp,daynight
28.9924,79.42035,320.55,1.11,1.05,2025-07-01,0858,Aqua,MODIS,39,6.1NRT,298.09,8.36,D
28.37876,76.69808,314.97,1.6,1.25,2025-07-01,0858,Aqua,MODIS,64,6.1NRT,291.69,11.33,D
28.47672,76.80362,313.19,1.57,1.23,2025-07-01,0858,Aqua,MODIS,51,6.1NRT,290.82,8.73,D
28.37423,76.68804,316.75,1.6,1.25,2025-07-01,0858,Aqua,MODIS,68,6.1NRT,291.54,14.24,D
30.90033,75.33252,316.9,1.29,1.13,2025-07-02,0423,Terra,MODIS,59,6.1NRT,295.59,9.14,D
9.17751,78.0461,320.86,1.06,1.03,2025-07-02,0932,Aqua,MODIS,59,6.1NRT,287.1,9.9,D
9.76937,78.38072,328.39,1.1,1.05,2025-07-02,0934,Aqua,MODIS,79,6.1NRT,294.26,20.42,D
30.89114,74.31934,321.34,1.18,1.08,2025-07-02,0939,Aqua,MODIS,58,6.1NRT,298.86,8.59,D
30.70247,74.20597,324.3,1.16,1.07,2025-07-02,0939,Aqua,MODIS,63,6.1NRT,298.65,10.24,D
30.70097,74.19421,323.02,1.16,1.07,2025-07-02,0939,Aqua,MODIS,59,6.1NRT,298.22,8.32,D
30.90039,75.30681,319.27,1.33,1.14,2025-07-02,0939,Aqua,MODIS,58,6.1NRT,293.59,10.8,D
30.98768,74.91756,321.64,1.27,1.12,2025-07-02,0939,Aqua,MODIS,65,6.1NRT,295.58,12.82,D
31.05444,74.62933,319.88,1.23,1.1,2025-07-02,0939,Aqua,MODIS,29,6.1NRT,297.65,8.31,D
31.05294,74.61684,319.73,1.23,1.1,2025-07-02,0939,Aqua,MODIS,50,6.1NRT,297.77,8.45,D
24.13813,82.575,307.01,1.37,1.16,2025-07-02,1520,Terra,MODIS,30,6.1NRT,288.37,10.28,N
23.76211,86.40253,318.43,1.08,1.04,2025-07-03,0837,Aqua,MODIS,54,6.1NRT,294.54,8.5,D
23.77449,86.36208,314.59,1.08,1.04,2025-07-03,0837,Aqua,MODIS,26,6.1NRT,290,6.75,D
29.47726,75.63066,316.87,2.45,1.51,2025-07-04,0404,Terra,MODIS,44,6.1NRT,293.48,23.32,D
12.31246,79.68008,322.27,1,1,2025-07-04,0408,Terra,MODIS,74,6.1NRT,296.43,11.64,D
9.96987,78.63792,319.19,1,1,2025-07-04,0410,Terra,MODIS,63,6.1NRT,298.8,6.05,D
9.66753,78.10507,324.43,1.02,1.01,2025-07-04,0410,Terra,MODIS,74,6.1NRT,302.83,7.54,D
9.30215,78.73441,327.82,1.27,1.12,2025-07-04,0911,Aqua,MODIS,76,6.1NRT,302.45,12.78,D
9.32588,78.82136,324.66,1.25,1.11,2025-07-04,0911,Aqua,MODIS,52,6.1NRT,303.24,8.42,D
11.78034,78.76291,321.1,1.17,1.08,2025-07-04,0913,Aqua,MODIS,71,6.1NRT,297.24,14.41,D
26.91851,69.88316,327.74,2.5,1.52,2025-07-04,0917,Aqua,MODIS,28,6.1NRT,296.7,42.67,D
29.09644,77.26654,318.22,1,1,2025-07-04,0917,Aqua,MODIS,46,6.1NRT,296.85,7.15,D
27.58887,72.13532,327.5,1.68,1.27,2025-07-04,0917,Aqua,MODIS,44,6.1NRT,300.08,21.82,D
31.07189,75.20725,325.96,1.04,1.02,2025-07-04,0920,Aqua,MODIS,56,6.1NRT,298.63,13.17,D
30.2536,76.21095,322.57,1.01,1,2025-07-04,0920,Aqua,MODIS,71,6.1NRT,299.16,8.65,D
23.78019,86.21115,303.22,1.09,1.04,2025-07-04,2123,Aqua,MODIS,43,6.1NRT,285.95,4.32,N
30.3591,74.96731,328.28,1.03,1.02,2025-07-05,0444,Terra,MODIS,79,6.1NRT,298.88,16.49,D
8.77102,77.97875,339.07,2.02,1.38,2025-07-05,0952,Aqua,MODIS,89,6.1NRT,302.94,74.54,D
8.77333,77.99656,324.1,2.02,1.39,2025-07-05,0952,Aqua,MODIS,75,6.1NRT,302.2,18.62,D
27.50184,72.42697,330.75,1.5,1.21,2025-07-05,0956,Aqua,MODIS,59,6.1NRT,300.16,19.44,D
27.52308,72.42397,341.91,1.5,1.21,2025-07-05,0956,Aqua,MODIS,85,6.1NRT,300.55,49.49,D
12.87656,80.19134,319.55,2.06,1.4,2025-07-06,0854,Aqua,MODIS,39,6.1NRT,293.92,18.56,D
27.10148,80.43073,318.77,1.13,1.06,2025-07-06,0856,Aqua,MODIS,65,6.1NRT,297.92,8.04,D
9.74257,77.77423,311.37,1.28,1.12,2025-07-06,1616,Terra,MODIS,82,6.1NRT,283.7,13.67,N
9.7446,77.77914,321.27,1.28,1.12,2025-07-06,1616,Terra,MODIS,100,6.1NRT,284.1,25.47,N
8.6189,78.00067,305.68,1.28,1.12,2025-07-06,1616,Terra,MODIS,65,6.1NRT,293.99,6,N
9.7441,77.78574,312.9,1.28,1.12,2025-07-06,1616,Terra,MODIS,86,6.1NRT,282.52,14.71,N
9.21224,78.0026,340.19,1.54,1.22,2025-07-07,0429,Terra,MODIS,90,6.1NRT,300.72,57.13,D
8.9845,77.99672,327.54,1.55,1.23,2025-07-07,0429,Terra,MODIS,82,6.1NRT,302.35,23.29,D
9.57856,77.81209,323.86,1.47,1.2,2025-07-07,0429,Terra,MODIS,72,6.1NRT,300.71,12.82,D
9.21433,77.98904,323.85,1.54,1.22,2025-07-07,0429,Terra,MODIS,77,6.1NRT,299.76,15.31,D
13.82011,77.18317,321.63,1.02,1.01,2025-07-07,0932,Aqua,MODIS,77,6.1NRT,298.28,10.98,D
24.13923,82.57293,305.63,1.18,1.08,2025-07-07,2142,Aqua,MODIS,63,6.1NRT,292.64,5.3,N
23.16693,82.33708,303.04,1.18,1.08,2025-07-07,2142,Aqua,MODIS,53,6.1NRT,290.79,4.64,N
28.98385,96.07072,301.86,1.22,1.1,2025-07-08,0325,Terra,MODIS,26,6.1NRT,287.47,6.47,D
22.03364,83.73848,312.38,1.81,1.32,2025-07-08,0835,Aqua,MODIS,51,6.1NRT,292.26,12.02,D
24.13036,82.5725,309.26,1.98,1.37,2025-07-08,0835,Aqua,MODIS,21,6.1NRT,288.38,10.46,D
23.76007,86.40174,319.09,1.15,1.07,2025-07-08,0835,Aqua,MODIS,62,6.1NRT,293.16,11.18,D
12.60433,77.87328,304.25,1.03,1.01,2025-07-08,1556,Terra,MODIS,59,6.1NRT,291.39,4.98,N
12.08615,79.77601,312.06,1.02,1.01,2025-07-08,1556,Terra,MODIS,62,6.1NRT,294.59,8.09,N
23.16227,82.34464,304.39,1.87,1.34,2025-07-08,1601,Terra,MODIS,60,6.1NRT,292.08,9.08,N
23.16892,82.33711,308.14,1.87,1.34,2025-07-08,1601,Terra,MODIS,74,6.1NRT,292.03,13.84,N
16.00835,79.67704,321.55,1,1,2025-07-09,0408,Terra,MODIS,63,6.1NRT,299.18,8.78,D
15.94613,79.71741,315.4,1,1,2025-07-09,0408,Terra,MODIS,49,6.1NRT,296.28,4.93,D
13.59008,79.3457,310.86,1,1,2025-07-09,0410,Terra,MODIS,13,6.1NRT,277.44,4.88,D
11.68415,79.36501,327.58,1,1,2025-07-09,0410,Terra,MODIS,80,6.1NRT,300.68,15.42,D
11.68286,79.37395,349.42,1,1,2025-07-09,0410,Terra,MODIS,95,6.1NRT,299.98,50.94,D
9.54984,77.8401,323.67,1.02,1.01,2025-07-09,0412,Terra,MODIS,71,6.1NRT,305.43,6.62,D
9.01821,78.26968,318.87,1,1,2025-07-09,0412,Terra,MODIS,0,6.1NRT,300.13,5.39,D
8.67726,78.07455,319.94,1.61,1.25,2025-07-09,0909,Aqua,MODIS,65,6.1NRT,300.98,12.16,D
9.32932,77.52966,321.2,1.73,1.29,2025-07-09,0909,Aqua,MODIS,50,6.1NRT,298.8,12.41,D
8.67949,78.08865,322.65,1.61,1.25,2025-07-09,0909,Aqua,MODIS,70,6.1NRT,300.4,18.14,D
9.33174,77.54474,322.29,1.72,1.29,2025-07-09,0909,Aqua,MODIS,58,6.1NRT,300.19,13.77,D
11.68681,78.65876,322.3,1.31,1.14,2025-07-09,0911,Aqua,MODIS,74,6.1NRT,297.08,20.64,D
17.29946,82.37113,307.22,1.07,1.03,2025-07-09,0911,Aqua,MODIS,29,6.1NRT,278.94,4.14,D
11.685,78.64748,324.05,1.31,1.14,2025-07-09,0911,Aqua,MODIS,76,6.1NRT,295.51,23.71,D
24.13778,82.58046,301.54,1.15,1.07,2025-07-09,2118,Aqua,MODIS,32,6.1NRT,287.21,4.01,N
24.14496,82.57607,304.25,1.16,1.07,2025-07-09,2118,Aqua,MODIS,57,6.1NRT,287.22,5.12,N
17.60176,83.18833,306.52,1,1,2025-07-09,2121,Aqua,MODIS,25,6.1NRT,286.03,5.2,N
27.25281,93.95895,315.61,1.01,1.01,2025-07-10,0816,Aqua,MODIS,55,6.1NRT,297.45,5.27,D
17.60285,83.18332,314.52,1.01,1,2025-07-10,1539,Terra,MODIS,89,6.1NRT,293.66,8.81,N
13.20739,77.97934,301.84,1.9,1.35,2025-07-10,1539,Terra,MODIS,45,6.1NRT,289.63,7.89,N
9.75125,77.66348,302.11,1.93,1.36,2025-07-10,2203,Aqua,MODIS,31,6.1NRT,289.04,9.09,N
9.7561,77.67443,302.46,1.93,1.36,2025-07-10,2203,Aqua,MODIS,33,6.1NRT,290.58,8.92,N
21.7588,84.02026,313.75,1.02,1.01,2025-07-11,0852,Aqua,MODIS,17,6.1NRT,294.05,5.56,D
24.02796,69.51764,318.69,3.73,1.81,2025-07-11,1032,Aqua,MODIS,52,6.1NRT,288.68,41.19,D
18.69598,73.04173,304.07,1.01,1,2025-07-11,1620,Terra,MODIS,17,6.1NRT,291.62,4.26,N
21.10944,72.64524,320.43,1.01,1.01,2025-07-11,1620,Terra,MODIS,83,6.1NRT,293.05,14.82,N
15.17531,76.65873,304.89,1.32,1.14,2025-07-11,1620,Terra,MODIS,47,6.1NRT,291.48,6.56,N
18.51192,74.2278,301.59,1.08,1.04,2025-07-11,1620,Terra,MODIS,43,6.1NRT,290.55,3.47,N
15.16638,76.67097,314.41,1.11,1.05,2025-07-12,0429,Terra,MODIS,33,6.1NRT,294.93,7.01,D
12.54755,80.01262,323.33,1.21,1.09,2025-07-12,0928,Aqua,MODIS,67,6.1NRT,299.19,11.6,D
12.54609,80.00183,325.34,1.21,1.09,2025-07-12,0928,Aqua,MODIS,72,6.1NRT,300.5,14.91,D
8.86077,77.96548,337.71,1,1,2025-07-12,0928,Aqua,MODIS,86,6.1NRT,307.44,17.37,D
8.85948,77.95667,330.85,1,1,2025-07-12,0928,Aqua,MODIS,79,6.1NRT,307.01,7.3,D
9.07995,77.93172,331.65,1,1,2025-07-12,0928,Aqua,MODIS,81,6.1NRT,307.64,8.97,D
9.07866,77.9229,336.57,1,1,2025-07-12,0928,Aqua,MODIS,85,6.1NRT,308.56,15.53,D
9.38591,77.94873,335.69,1,1,2025-07-12,0928,Aqua,MODIS,69,6.1NRT,309.61,14.15,D
9.77219,78.38707,328.68,1.01,1,2025-07-12,0928,Aqua,MODIS,60,6.1NRT,304.82,12.2,D
14.84199,79.5965,328.45,1.22,1.1,2025-07-12,0930,Aqua,MODIS,74,6.1NRT,304.25,11.08,D
20.96325,85.17319,307.07,1.06,1.03,2025-07-12,1520,Terra,MODIS,29,6.1NRT,289.27,4.81,N
20.97227,85.17163,309.13,1.06,1.03,2025-07-12,1520,Terra,MODIS,50,6.1NRT,288.82,6.17,N
23.8025,86.32781,300.88,1,1,2025-07-12,1522,Terra,MODIS,35,6.1NRT,276.28,3.35,N
22.04924,83.73302,313.1,1.34,1.15,2025-07-12,2140,Aqua,MODIS,86,6.1NRT,283.48,16.69,N
22.0471,83.74549,306.59,1.34,1.15,2025-07-12,2140,Aqua,MODIS,69,6.1NRT,283.55,9.56,N
15.17885,76.6675,303.44,1.09,1.04,2025-07-12,2142,Aqua,MODIS,38,6.1NRT,291.78,4.6,N
15.18025,76.65766,302.22,1.09,1.04,2025-07-12,2142,Aqua,MODIS,14,6.1NRT,291.42,3.95,N
27.98183,94.22537,313.26,1.07,1.03,2025-07-13,0328,Terra,MODIS,65,6.1NRT,297.27,6.39,D
24.03176,69.44209,325.87,1.52,1.22,2025-07-13,1011,Aqua,MODIS,37,6.1NRT,299.4,16.77,D
24.01591,69.53993,326.08,1.54,1.22,2025-07-13,1011,Aqua,MODIS,65,6.1NRT,301.36,13.84,D
24.02691,69.44942,328.75,1.52,1.22,2025-07-13,1011,Aqua,MODIS,35,6.1NRT,300.21,22.31,D
9.34538,77.75804,309.12,1.07,1.03,2025-07-13,1556,Terra,MODIS,76,6.1NRT,288.76,6.73,N
13.90774,79.21198,300.64,1.02,1.01,2025-07-13,1558,Terra,MODIS,31,6.1NRT,271.97,4.82,N
17.23064,81.22319,313.21,1.04,1.02,2025-07-14,0408,Terra,MODIS,60,6.1NRT,291.3,5.46,D
17.65428,82.73895,314.15,1.19,1.09,2025-07-14,0408,Terra,MODIS,63,6.1NRT,282.52,12.79,D
16.7739,80.38194,314.22,1.01,1,2025-07-14,0408,Terra,MODIS,62,6.1NRT,287.01,6.93,D
17.43622,80.90294,319.06,1.02,1.01,2025-07-14,0408,Terra,MODIS,70,6.1NRT,295.4,9.49,D
17.08113,79.32406,316.95,1.01,1,2025-07-14,0408,Terra,MODIS,42,6.1NRT,296.33,6.73,D
19.09354,82.16959,308.93,1.08,1.04,2025-07-14,0408,Terra,MODIS,48,6.1NRT,287.41,4.56,D
14.54011,79.47402,310.92,1,1,2025-07-14,0410,Terra,MODIS,52,6.1NRT,285,4.58,D
14.1579,79.87139,322.12,1.01,1,2025-07-14,0410,Terra,MODIS,54,6.1NRT,299.24,9.08,D
14.15658,79.88046,322.36,1.01,1,2025-07-14,0410,Terra,MODIS,61,6.1NRT,299.49,9.19,D
12.44597,79.45166,322.82,1.01,1,2025-07-14,0410,Terra,MODIS,76,6.1NRT,295.49,11.84,D
9.34692,77.76347,325.51,1.01,1,2025-07-14,0412,Terra,MODIS,61,6.1NRT,300.87,9.86,D
9.381,77.85638,324.84,1.01,1,2025-07-14,0412,Terra,MODIS,70,6.1NRT,303.38,8.06,D
9.28056,78.4134,326.86,1,1,2025-07-14,0412,Terra,MODIS,71,6.1NRT,302.96,9.97,D
9.3381,77.76222,324.87,1.01,1,2025-07-14,0412,Terra,MODIS,52,6.1NRT,299.38,9.91,D
9.12103,77.82778,332.86,1.88,1.34,2025-07-14,0907,Aqua,MODIS,82,6.1NRT,300.8,39.71,D
9.1184,77.81136,326.43,1.89,1.34,2025-07-14,0907,Aqua,MODIS,74,6.1NRT,300.64,19.32,D
9.1161,77.82342,333.19,1.88,1.34,2025-07-14,0907,Aqua,MODIS,81,6.1NRT,300.92,40.18,D
9.68352,78.38116,327.89,1.66,1.27,2025-07-14,0909,Aqua,MODIS,70,6.1NRT,302.44,22.82,D
17.22778,81.21852,326.67,1,1,2025-07-14,0909,Aqua,MODIS,75,6.1NRT,289.11,17.48,D
26.55274,92.79007,318.83,1.04,1.02,2025-07-15,0811,Aqua,MODIS,68,6.1NRT,298.35,8.88,D
13.91086,79.20102,306.91,1.86,1.33,2025-07-15,2159,Aqua,MODIS,70,6.1NRT,290.53,15.47,N
13.91271,79.21298,308.39,1.87,1.34,2025-07-15,2159,Aqua,MODIS,60,6.1NRT,290.73,17.42,N
13.92224,79.20445,303.12,1.86,1.33,2025-07-15,2159,Aqua,MODIS,21,6.1NRT,291.07,8.9,N
13.91575,79.19477,304.69,1.86,1.33,2025-07-15,2159,Aqua,MODIS,15,6.1NRT,290.4,11.71,N
20.96599,86.01559,307.4,1,1,2025-07-16,0349,Terra,MODIS,48,6.1NRT,277.11,5.01,D
21.07604,85.04133,312.24,1.01,1,2025-07-16,0349,Terra,MODIS,66,6.1NRT,288.86,5.59,D
14.52328,80.05327,316.51,2.54,1.53,2025-07-16,0850,Aqua,MODIS,21,6.1NRT,294.37,25.56,D
24.08109,69.49707,316.53,2.26,1.46,2025-07-17,0427,Terra,MODIS,57,6.1NRT,294.18,17.59,D
24.11665,69.39757,319.07,2.3,1.47,2025-07-17,0427,Terra,MODIS,35,6.1NRT,294.11,22.43,D
16.43252,79.74014,320.79,1.7,1.28,2025-07-17,0429,Terra,MODIS,70,6.1NRT,288.78,18.94,D
16.4331,79.73376,317.6,1.7,1.28,2025-07-17,0429,Terra,MODIS,61,6.1NRT,288.96,13.84,D
13.51992,76.71597,309.43,1.03,1.02,2025-07-17,0926,Aqua,MODIS,33,6.1NRT,288.51,5.06,D
15.80532,79.04686,324.52,1.09,1.04,2025-07-17,0926,Aqua,MODIS,74,6.1NRT,289.65,16.75,D
15.80667,79.05675,318.5,1.09,1.04,2025-07-17,0926,Aqua,MODIS,56,6.1NRT,289.74,9.13,D
20.96379,85.16702,304.66,1.04,1.02,2025-07-17,1522,Terra,MODIS,28,6.1NRT,286.24,3.33,N
20.79236,85.2578,311.01,1.04,1.02,2025-07-17,1522,Terra,MODIS,81,6.1NRT,292.28,7.08,N
29.02241,96.36722,310.41,1.36,1.15,2025-07-18,0328,Terra,MODIS,52,6.1NRT,280.86,16.89,D
28.97868,96.14297,302.79,1.32,1.14,2025-07-18,0328,Terra,MODIS,45,6.1NRT,287.79,6.78,D
20.9621,86.01217,317.8,1.52,1.22,2025-07-18,0330,Terra,MODIS,68,6.1NRT,292.3,16.02,D
23.76276,86.39931,316.8,1.56,1.23,2025-07-18,0330,Terra,MODIS,35,6.1NRT,293.38,11.79,D
23.67346,86.08818,314.93,1.64,1.26,2025-07-18,0330,Terra,MODIS,62,6.1NRT,293.22,11.49,D
20.38339,85.48267,314.3,1.86,1.33,2025-07-18,0828,Aqua,MODIS,39,6.1NRT,294,15.84,D
20.35918,85.4166,314.98,1.88,1.34,2025-07-18,0828,Aqua,MODIS,28,6.1NRT,294.09,19.15,D
19.09196,82.16447,302.76,1.75,1.3,2025-07-18,1601,Terra,MODIS,51,6.1NRT,287.91,7.33,N
18.26298,83.53648,305,2.15,1.43,2025-07-18,1601,Terra,MODIS,62,6.1NRT,292.93,10.47,N
28.1184,81.12665,315.25,1.03,1.01,2025-07-19,0406,Terra,MODIS,40,6.1NRT,300.04,6.83,D
28.74129,80.16917,314.38,1.11,1.05,2025-07-19,0406,Terra,MODIS,28,6.1NRT,298.32,6.92,D
21.76064,84.0228,313.73,1.28,1.12,2025-07-19,0408,Terra,MODIS,36,6.1NRT,293.67,6.94,D
24.15984,82.56627,311.51,1.04,1.02,2025-07-19,0408,Terra,MODIS,50,6.1NRT,294.29,4.63,D
22.04365,83.72816,322.28,1.22,1.1,2025-07-19,0408,Terra,MODIS,76,6.1NRT,293.82,17.98,D
22.04182,83.73956,323.6,1.22,1.1,2025-07-19,0408,Terra,MODIS,77,6.1NRT,293.02,19.82,D
22.03465,83.35994,314.05,1.17,1.07,2025-07-19,0408,Terra,MODIS,56,6.1NRT,295.58,7.73,D
21.07658,85.03924,314.24,1.52,1.22,2025-07-19,0408,Terra,MODIS,63,6.1NRT,293.32,11.55,D
20.95904,85.18661,312.98,1.56,1.23,2025-07-19,0408,Terra,MODIS,51,6.1NRT,291.59,8.61,D
15.8857,80.57602,319.14,1.04,1.02,2025-07-19,0410,Terra,MODIS,44,6.1NRT,297.68,7.62,D
17.52701,82.96024,317.05,1.27,1.12,2025-07-19,0410,Terra,MODIS,71,6.1NRT,297.28,7.43,D
18.45432,80.45984,315.04,1.01,1,2025-07-19,0410,Terra,MODIS,0,6.1NRT,293.8,6.4,D
18.68386,79.75858,311.48,1,1,2025-07-19,0410,Terra,MODIS,0,6.1NRT,289.66,6.33,D
20.95871,86.00605,317.24,1.58,1.24,2025-07-19,0909,Aqua,MODIS,65,6.1NRT,293.99,14.23,D
28.58407,77.60504,312.64,1.07,1.03,2025-07-19,0909,Aqua,MODIS,27,6.1NRT,292.49,3.89,D
28.6726,77.01344,315.8,1.13,1.06,2025-07-19,0909,Aqua,MODIS,27,6.1NRT,297.68,8.18,D
29.06242,79.51916,316.94,1,1,2025-07-19,0909,Aqua,MODIS,49,6.1NRT,298.52,6.52,D
28.77513,77.11728,315.81,1.11,1.05,2025-07-19,0909,Aqua,MODIS,51,6.1NRT,296.35,6.19,D
18.55826,79.71574,323,1.12,1.06,2025-07-19,0909,Aqua,MODIS,46,6.1NRT,301.4,10.14,D
19.04469,79.74656,317.71,1.11,1.05,2025-07-19,0909,Aqua,MODIS,25,6.1NRT,298.77,7.5,D
20.97113,86.01012,301.17,1,1,2025-07-19,2116,Aqua,MODIS,38,6.1NRT,281.3,3.7,N
33.96885,74.94637,316.16,1.02,1.01,2025-07-20,0444,Terra,MODIS,53,6.1NRT,301.17,8.66,D
19.08807,74.12314,318.9,1.41,1.17,2025-07-20,0449,Terra,MODIS,72,6.1NRT,294.5,16.28,D
23.16398,82.33759,315.49,1.32,1.14,2025-07-21,0349,Terra,MODIS,68,6.1NRT,289.87,12.11,D
20.28466,86.67972,318.56,1.05,1.03,2025-07-21,0349,Terra,MODIS,0,6.1NRT,296.79,8.38,D
20.36068,85.42542,318.05,1,1,2025-07-21,0349,Terra,MODIS,62,6.1NRT,297.85,8.62,D
20.28615,86.66995,317.72,1.05,1.03,2025-07-21,0349,Terra,MODIS,48,6.1NRT,297.08,8.17,D
21.07361,85.03418,318.75,1.06,1.03,2025-07-21,0848,Aqua,MODIS,67,6.1NRT,299.88,8.64,D
21.07512,85.04399,317.4,1.05,1.03,2025-07-21,0848,Aqua,MODIS,64,6.1NRT,299.72,7.42,D
22.03649,83.73984,320.98,1.16,1.07,2025-07-21,0850,Aqua,MODIS,73,6.1NRT,294.19,13.98,D
23.75651,86.40289,311.72,1.01,1,2025-07-21,0850,Aqua,MODIS,41,6.1NRT,287.3,5.72,D
21.76492,84.01965,318.23,1.14,1.06,2025-07-21,0850,Aqua,MODIS,69,6.1NRT,296.95,10.12,D
22.20662,84.87122,313.19,1.05,1.02,2025-07-21,0850,Aqua,MODIS,57,6.1NRT,291.48,5.06,D
22.03473,83.729,323.3,1.16,1.07,2025-07-21,0850,Aqua,MODIS,76,6.1NRT,293.77,17.16,D
24.25942,78.45531,316.59,1.12,1.06,2025-07-22,0429,Terra,MODIS,64,6.1NRT,294.28,7.82,D
22.04034,83.73318,310.5,2.75,1.59,2025-07-22,0429,Terra,MODIS,63,6.1NRT,281.77,25.79,D
27.92087,95.79165,319.1,1.36,1.16,2025-07-22,0750,Aqua,MODIS,34,6.1NRT,295.71,12.12,D
20.97247,85.17413,308.09,1.02,1.01,2025-07-22,1522,Terra,MODIS,63,6.1NRT,284.69,5.47,N
23.77806,86.38884,300.78,1.02,1.01,2025-07-22,1522,Terra,MODIS,28,6.1NRT,276.27,3.77,N
20.28795,86.67323,309.89,1,1,2025-07-22,1522,Terra,MODIS,69,6.1NRT,292.03,5.58,N
20.7906,85.25587,306.91,1.02,1.01,2025-07-22,1522,Terra,MODIS,55,6.1NRT,288,4.4,N
20.97084,86.00263,305.1,1,1,2025-07-22,1522,Terra,MODIS,57,6.1NRT,286.6,3.66,N
20.96497,85.1852,305.94,1.02,1.01,2025-07-22,1522,Terra,MODIS,41,6.1NRT,285.1,4.08,N
23.75982,86.39771,302.07,1.02,1.01,2025-07-22,1522,Terra,MODIS,16,6.1NRT,273.33,3.85,N
21.76974,84.01887,304.7,1.16,1.07,2025-07-22,2133,Aqua,MODIS,61,6.1NRT,289.46,4.94,N
22.04986,83.73272,307.03,1.12,1.05,2025-07-22,2133,Aqua,MODIS,70,6.1NRT,287.3,6.62,N
22.04817,83.74318,304.24,1.12,1.05,2025-07-22,2133,Aqua,MODIS,39,6.1NRT,287.3,4.57,N
22.04067,83.73096,312.07,1.12,1.05,2025-07-22,2133,Aqua,MODIS,84,6.1NRT,287.15,10.49,N
22.03897,83.74145,309.04,1.12,1.05,2025-07-22,2133,Aqua,MODIS,76,6.1NRT,287.55,7.93,N
21.76794,84.02969,303.87,1.16,1.07,2025-07-22,2133,Aqua,MODIS,57,6.1NRT,289.16,4.4,N
20.97243,86.01218,311.7,1.58,1.24,2025-07-22,2133,Aqua,MODIS,83,6.1NRT,286.39,17.52,N
20.9622,85.19146,304.79,1.39,1.17,2025-07-22,2133,Aqua,MODIS,36,6.1NRT,288.16,6.15,N
20.79488,85.25923,305.27,1.41,1.18,2025-07-22,2133,Aqua,MODIS,64,6.1NRT,286.05,7.31,N
23.69116,87.12416,314.43,1.34,1.15,2025-07-23,0330,Terra,MODIS,57,6.1NRT,289.53,9.24,D
23.67802,86.09274,313.37,1.57,1.23,2025-07-23,0330,Terra,MODIS,55,6.1NRT,289.98,9.76,D
23.80169,86.33034,315.04,1.52,1.22,2025-07-23,0330,Terra,MODIS,59,6.1NRT,290.04,9.97,D
22.36316,87.30548,316.09,1.26,1.12,2025-07-23,0330,Terra,MODIS,62,6.1NRT,292.49,9.57,D
20.96686,85.1823,314.23,1.67,1.27,2025-07-23,0330,Terra,MODIS,47,6.1NRT,290.72,10.82,D
20.79754,85.25789,313.66,1.64,1.26,2025-07-23,0330,Terra,MODIS,58,6.1NRT,291.89,10.3,D
27.92182,81.25171,315.46,1.01,1.01,2025-07-24,0406,Terra,MODIS,48,6.1NRT,297.19,6.86,D
28.25799,81.082,318.22,1.02,1.01,2025-07-24,0406,Terra,MODIS,30,6.1NRT,298.45,8.09,D
27.16547,84.02168,319.89,1.12,1.05,2025-07-24,0408,Terra,MODIS,58,6.1NRT,299.76,11.68,D
11.28129,79.35307,317.48,1.04,1.02,2025-07-24,0412,Terra,MODIS,73,6.1NRT,293.99,7.95,D
28.73969,80.16373,319.85,1,1,2025-07-24,0909,Aqua,MODIS,33,6.1NRT,300.55,9.26,D
22.42366,88.28615,314.11,1.14,1.06,2025-07-24,1503,Terra,MODIS,89,6.1NRT,283.81,11.99,N
22.41435,88.28784,305.77,1.14,1.06,2025-07-24,1503,Terra,MODIS,66,6.1NRT,282.83,5.22,N
29.95409,78.06564,319.16,1.68,1.28,2025-07-25,0446,Terra,MODIS,21,6.1NRT,295.91,16.28,D
30.38356,78.50898,310.2,1.77,1.3,2025-07-25,0446,Terra,MODIS,63,6.1NRT,291.83,12.87,D
30.38027,78.5262,308.94,1.77,1.3,2025-07-25,0446,Terra,MODIS,60,6.1NRT,291.96,11.2,D
27.98139,94.2162,314.11,1.02,1.01,2025-07-25,0809,Aqua,MODIS,60,6.1NRT,295.35,6.43,D
28.06801,95.40755,317.48,1,1,2025-07-25,0809,Aqua,MODIS,25,6.1NRT,297.61,6.84,D
9.79496,78.2507,321.43,1.9,1.35,2025-07-27,0432,Terra,MODIS,72,6.1NRT,296.36,22.66,D
10.69677,78.99451,324.71,1.02,1.01,2025-07-27,0922,Aqua,MODIS,74,6.1NRT,299,9.26,D
14.13636,79.97651,321.04,1.02,1.01,2025-07-27,0922,Aqua,MODIS,42,6.1NRT,292.22,8.98,D
9.60305,78.55113,324.31,1.07,1.03,2025-07-27,0922,Aqua,MODIS,48,6.1NRT,296.15,11.51,D
29.91086,74.95215,319.98,1,1,2025-07-27,0926,Aqua,MODIS,30,6.1NRT,295.56,6.49,D
20.79383,85.25426,313.18,1.01,1.01,2025-07-27,1522,Terra,MODIS,87,6.1NRT,279.02,12.17,N
12.20843,79.80983,322.56,1.08,1.04,2025-07-29,0412,Terra,MODIS,73,6.1NRT,299.52,12.98,D
16.92487,79.47999,315.1,1,1,2025-07-29,0412,Terra,MODIS,68,6.1NRT,293.74,6.97,D
15.9617,79.42252,317.63,1.01,1,2025-07-29,0412,Terra,MODIS,74,6.1NRT,295.22,8.96,D
12.90118,79.56661,314.61,1.05,1.02,2025-07-29,0412,Terra,MODIS,59,6.1NRT,298.99,6.17,D
12.207,79.81947,319.71,1.08,1.04,2025-07-29,0412,Terra,MODIS,68,6.1NRT,299,9.72,D
9.23781,77.58071,318.7,1,1,2025-07-29,0414,Terra,MODIS,62,6.1NRT,302.74,4.99,D
9.56702,77.79711,325.17,1,1,2025-07-29,0414,Terra,MODIS,75,6.1NRT,305.49,8.71,D
9.5683,77.78827,348.67,1,1,2025-07-29,0414,Terra,MODIS,94,6.1NRT,305.43,45.38,D
8.37302,77.9347,319.28,1.01,1.01,2025-07-29,0414,Terra,MODIS,66,6.1NRT,302.5,6.35,D
8.51264,78.05522,327.61,2.79,1.6,2025-07-29,0900,Aqua,MODIS,79,6.1NRT,298.27,60.89,D
11.68893,78.69631,315.88,2.15,1.43,2025-07-29,0902,Aqua,MODIS,41,6.1NRT,294.31,20.51,D
11.6946,78.7083,316.17,2.15,1.42,2025-07-29,0902,Aqua,MODIS,50,6.1NRT,294.1,21.81,D
23.6798,86.09251,305.4,1.39,1.17,2025-07-29,1503,Terra,MODIS,64,6.1NRT,290.52,7.09,N
23.77709,86.36632,306.83,1.33,1.14,2025-07-29,1503,Terra,MODIS,30,6.1NRT,290.31,6.56,N
23.6776,86.07934,304.55,1.39,1.17,2025-07-29,1503,Terra,MODIS,39,6.1NRT,290.32,6.98,N
23.76491,86.40437,310.44,1.06,1.03,2025-07-29,2110,Aqua,MODIS,73,6.1NRT,290.83,8.3,N
23.69146,86.39693,308.93,1.06,1.03,2025-07-29,2110,Aqua,MODIS,51,6.1NRT,291.83,6.47,N
23.68246,86.39545,309.31,1.06,1.03,2025-07-29,2110,Aqua,MODIS,77,6.1NRT,291.85,6.83,N
27.98418,94.22013,315.49,1.11,1.05,2025-07-30,0308,Terra,MODIS,53,6.1NRT,295.99,8.29,D
28.16974,94.80085,317.58,1.03,1.01,2025-07-30,0807,Aqua,MODIS,58,6.1NRT,299.82,7.09,D
9.07309,78.09073,320.5,1.15,1.07,2025-07-30,0939,Aqua,MODIS,0,6.1NRT,294.18,10.82,D
11.59089,79.50912,342.14,1.53,1.22,2025-07-30,0939,Aqua,MODIS,89,6.1NRT,298.17,66.98,D
11.59734,79.51545,326.85,1.53,1.22,2025-07-30,0939,Aqua,MODIS,74,6.1NRT,294.96,25.22,D
11.59559,79.50182,329.26,1.53,1.22,2025-07-30,0939,Aqua,MODIS,78,6.1NRT,297.14,31.61,D
12.28475,79.73161,304.5,1.49,1.2,2025-07-30,2153,Aqua,MODIS,60,6.1NRT,285.89,9.31,N
28.99002,79.4281,313.71,1.15,1.07,2025-08-01,0429,Terra,MODIS,32,6.1NRT,293.93,6.19,D
20.95831,86.02567,310.12,4.71,1.99,2025-08-01,0429,Terra,MODIS,30,6.1NRT,287.87,42.41,D
20.95653,86.02037,310.19,4.71,1.99,2025-08-01,0429,Terra,MODIS,32,6.1NRT,287.75,44.14,D
15.43836,77.54044,312.41,1.41,1.17,2025-08-01,0432,Terra,MODIS,64,6.1NRT,279.78,12.78,D
13.18542,80.28856,332.04,1,1,2025-08-01,0920,Aqua,MODIS,84,6.1NRT,293.12,22.02,D
13.3572,80.06105,316.71,1,1,2025-08-01,0920,Aqua,MODIS,50,6.1NRT,292.78,5.87,D
20.96443,86.01382,313.84,2.64,1.56,2025-08-01,0922,Aqua,MODIS,60,6.1NRT,289.59,22.59,D
23.16673,82.33652,308.61,1.19,1.09,2025-08-01,1524,Terra,MODIS,75,6.1NRT,282.34,11.15,N
29.48378,76.8664,310.03,2.57,1.54,2025-08-01,2127,Aqua,MODIS,79,6.1NRT,289.09,32.1,N
22.3671,87.30661,313.94,1.19,1.08,2025-08-02,0332,Terra,MODIS,43,6.1NRT,291.39,7.13,D
21.10622,72.64638,307.26,1.23,1.1,2025-08-02,1603,Terra,MODIS,58,6.1NRT,293.46,10.75,N
21.10443,72.63485,323.84,1.24,1.1,2025-08-02,1603,Terra,MODIS,93,6.1NRT,294.11,0,N
17.65693,82.76219,319.81,1.38,1.16,2025-08-03,0412,Terra,MODIS,74,6.1NRT,294.99,17.27,D
17.48075,82.6742,312.27,1.08,1.04,2025-08-03,0900,Aqua,MODIS,55,6.1NRT,283.87,7.54,D
17.47925,82.66454,315.39,1.08,1.04,2025-08-03,0900,Aqua,MODIS,64,6.1NRT,283.88,10.24,D
32.63436,74.92786,317.61,1.68,1.27,2025-08-03,0905,Aqua,MODIS,55,6.1NRT,297.3,14.48,D
20.79817,85.25736,300.31,1.2,1.09,2025-08-03,2108,Aqua,MODIS,24,6.1NRT,274.54,6.09,N
33.79403,74.93224,313.09,1.07,1.03,2025-08-04,0446,Terra,MODIS,43,6.1NRT,298.82,7.03,D
18.68875,73.0405,316.39,1.05,1.02,2025-08-04,0939,Aqua,MODIS,0,6.1NRT,297.89,9.46,D
21.92426,83.35243,300.78,1.58,1.24,2025-08-04,2146,Aqua,MODIS,33,6.1NRT,283.1,6.54,N
23.7604,86.40268,311.99,1.03,1.02,2025-08-05,0349,Terra,MODIS,54,6.1NRT,287.09,7.91,D
22.0388,83.73734,317.67,1.03,1.01,2025-08-05,0351,Terra,MODIS,72,6.1NRT,291.46,11.15,D
20.96127,86.00877,317.87,1.05,1.02,2025-08-05,0351,Terra,MODIS,71,6.1NRT,296.14,9.83,D
20.95979,86.01856,313.2,1.05,1.02,2025-08-05,0351,Terra,MODIS,55,6.1NRT,294.28,5.66,D
20.96329,85.19081,311.07,1.01,1,2025-08-05,0351,Terra,MODIS,57,6.1NRT,290.35,5.36,D
20.78554,85.26474,315.47,1.01,1.01,2025-08-05,0351,Terra,MODIS,67,6.1NRT,296.34,8.61,D
20.76238,85.29951,311.89,1.01,1.01,2025-08-05,0351,Terra,MODIS,49,6.1NRT,294.75,5.52,D
16.66957,80.09602,312.38,3.9,1.84,2025-08-05,0839,Aqua,MODIS,42,6.1NRT,292.7,42.76,D
22.61579,75.69604,314.88,1.01,1,2025-08-06,0429,Terra,MODIS,65,6.1NRT,297.6,5.52,D
17.26448,78.78473,312.27,1.67,1.27,2025-08-06,0432,Terra,MODIS,55,6.1NRT,293.68,9.1,D
17.26415,78.77827,312.95,1.67,1.27,2025-08-06,0432,Terra,MODIS,58,6.1NRT,293.79,11.14,D
15.56877,80.0703,315.72,2.25,1.45,2025-08-06,0432,Terra,MODIS,59,6.1NRT,294.64,21.9,D
14.24214,77.45049,314.81,1.51,1.21,2025-08-06,0432,Terra,MODIS,68,6.1NRT,292.16,16.17,D
23.17194,82.33969,300.7,1.08,1.04,2025-08-06,2127,Aqua,MODIS,32,6.1NRT,282.29,6.39,N
21.76265,84.02491,304.86,1,1,2025-08-06,2127,Aqua,MODIS,44,6.1NRT,289.05,5.02,N
23.76675,86.40044,312.59,1.34,1.15,2025-08-07,0332,Terra,MODIS,30,6.1NRT,283.69,8.19,D
21.10309,72.64771,322.06,1.28,1.12,2025-08-07,0958,Aqua,MODIS,0,6.1NRT,300.45,14.58,D
9.12125,77.62556,322.8,1.01,1.01,2025-08-08,0414,Terra,MODIS,72,6.1NRT,299.75,6.15,D
22.36969,87.29935,305.92,1.17,1.08,2025-08-08,1505,Terra,MODIS,61,6.1NRT,291.8,4.51,N
22.36584,87.30434,309.71,1.09,1.04,2025-08-08,2106,Aqua,MODIS,78,6.1NRT,291.69,8.91,N
23.57065,71.64497,320.73,1.05,1.02,2025-08-09,0449,Terra,MODIS,70,6.1NRT,299.91,8.83,D
22.04769,83.73358,309.15,1.35,1.15,2025-08-09,1544,Terra,MODIS,74,6.1NRT,292.08,9.38,N
22.03755,83.73491,313.81,1.35,1.15,2025-08-09,1544,Terra,MODIS,87,6.1NRT,292.92,14.28,N
23.16941,82.3455,310.23,1.18,1.08,2025-08-09,2144,Aqua,MODIS,79,6.1NRT,290.38,10.86,N
21.92365,83.35123,308.04,1.4,1.17,2025-08-09,2144,Aqua,MODIS,73,6.1NRT,291.83,9.94,N
23.17127,82.33447,303.01,1.18,1.08,2025-08-09,2144,Aqua,MODIS,53,6.1NRT,290.06,5.02,N
22.04274,83.73424,311.53,1.48,1.2,2025-08-09,2144,Aqua,MODIS,83,6.1NRT,291.26,15.73,N
20.36222,85.43279,315.98,1.04,1.02,2025-08-10,0351,Terra,MODIS,47,6.1NRT,298.48,7.07,D
20.39,85.1247,315.58,1.02,1.01,2025-08-10,0351,Terra,MODIS,57,6.1NRT,298.18,7.18,D
21.6731,84.04492,314.37,1.01,1,2025-08-10,0351,Terra,MODIS,62,6.1NRT,296.69,5.85,D
20.968,86.0155,317.04,1.07,1.03,2025-08-10,0351,Terra,MODIS,56,6.1NRT,296.65,8.2,D
20.95283,86.0538,315.17,1.07,1.03,2025-08-10,0351,Terra,MODIS,65,6.1NRT,295.62,6.5,D
21.07691,85.03912,316.07,1.01,1.01,2025-08-10,0351,Terra,MODIS,67,6.1NRT,296.44,8.02,D
20.79583,85.26128,315.5,1.02,1.01,2025-08-10,0351,Terra,MODIS,47,6.1NRT,295.19,6.36,D
20.76123,85.29829,315.14,1.02,1.01,2025-08-10,0351,Terra,MODIS,64,6.1NRT,296.22,7.7,D
20.36366,85.42318,319.22,1.04,1.02,2025-08-10,0351,Terra,MODIS,62,6.1NRT,299.55,9.96,D
23.78016,86.20872,312.25,1.03,1.02,2025-08-10,0351,Terra,MODIS,63,6.1NRT,288.55,6.05,D
23.77077,86.2011,309.45,1.03,1.02,2025-08-10,0351,Terra,MODIS,53,6.1NRT,289.03,4.58,D
23.68588,86.39906,309.18,1.05,1.02,2025-08-10,0351,Terra,MODIS,0,6.1NRT,288.74,4.21,D
23.75849,85.85943,310.85,1.02,1.01,2025-08-10,0351,Terra,MODIS,57,6.1NRT,290.31,5.01,D
22.79821,86.21144,326.86,1.05,1.02,2025-08-10,0351,Terra,MODIS,71,6.1NRT,293.52,17.94,D
22.80432,86.11129,314.74,1.04,1.02,2025-08-10,0351,Terra,MODIS,66,6.1NRT,295.13,6.39,D
22.78927,86.20984,316.55,1.05,1.02,2025-08-10,0351,Terra,MODIS,45,6.1NRT,293.92,6.82,D
22.32367,87.40459,314.61,1.19,1.08,2025-08-10,0351,Terra,MODIS,58,6.1NRT,291.96,8.91,D
22.04122,83.72981,311.1,1.02,1.01,2025-08-10,0351,Terra,MODIS,30,6.1NRT,292.98,4.46,D
21.91747,83.35307,318.37,1.04,1.02,2025-08-10,0351,Terra,MODIS,66,6.1NRT,296.52,9.11,D
21.80458,84.03957,316.11,1.01,1,2025-08-10,0351,Terra,MODIS,61,6.1NRT,297.8,7.23,D
8.73915,78.07681,320.62,1.38,1.16,2025-08-10,0355,Terra,MODIS,73,6.1NRT,288.18,15.81,D
25.24719,85.8412,313.76,1.18,1.08,2025-08-10,0839,Aqua,MODIS,60,6.1NRT,292.77,5.93,D
22.3562,87.29391,314.3,1.1,1.04,2025-08-10,0839,Aqua,MODIS,58,6.1NRT,292.81,7.29,D
22.26334,72.69958,312.4,2.25,1.45,2025-08-11,0917,Aqua,MODIS,0,6.1NRT,282.37,16.2,D
23.90753,85.09327,304.22,1.01,1,2025-08-11,1524,Terra,MODIS,59,6.1NRT,291.11,3.62,N
21.92515,83.34787,305.59,1.06,1.03,2025-08-11,1524,Terra,MODIS,32,6.1NRT,286.5,5.58,N
24.1563,82.56848,305.72,1.08,1.04,2025-08-11,1524,Terra,MODIS,65,6.1NRT,291.03,4.82,N
21.07916,85.04552,305.64,1.01,1,2025-08-11,2125,Aqua,MODIS,61,6.1NRT,292.58,4.48,N
17.61135,83.20367,305.83,1,1,2025-08-11,2125,Aqua,MODIS,66,6.1NRT,293.71,4.07,N
23.16946,82.34233,306.1,1.17,1.07,2025-08-11,2125,Aqua,MODIS,67,6.1NRT,282.34,9.17,N
22.37049,87.30273,303.87,1.17,1.08,2025-08-11,2125,Aqua,MODIS,56,6.1NRT,287.88,4.35,N
22.21624,84.87283,301.06,1,1,2025-08-11,2125,Aqua,MODIS,37,6.1NRT,285.13,2.59,N
21.92361,83.35528,306.91,1.04,1.02,2025-08-11,2125,Aqua,MODIS,70,6.1NRT,288.79,5.62,N
21.77055,84.01968,305.27,1.01,1,2025-08-11,2125,Aqua,MODIS,59,6.1NRT,291.07,4.36,N
20.79829,85.25576,305.65,1.02,1.01,2025-08-11,2125,Aqua,MODIS,63,6.1NRT,290.59,4.42,N
20.76254,85.30135,303.24,1.02,1.01,2025-08-11,2125,Aqua,MODIS,54,6.1NRT,287.95,3.45,N
22.75193,69.55801,317.52,1,1,2025-08-12,0956,Aqua,MODIS,55,6.1NRT,300.58,9.34,D
28.47084,77.66209,315.99,1.73,1.29,2025-08-13,0858,Aqua,MODIS,42,6.1NRT,293.27,12.6,D
20.964,86.01656,307.31,1.34,1.15,2025-08-13,2104,Aqua,MODIS,71,6.1NRT,290.19,9.35,N
27.97976,94.22717,313.65,1.39,1.17,2025-08-14,0758,Aqua,MODIS,55,6.1NRT,294.93,10.18,D
24.15814,82.56619,307.36,1.26,1.12,2025-08-14,1544,Terra,MODIS,71,6.1NRT,291.58,8.19,N
17.60763,83.20171,301.97,1.15,1.07,2025-08-14,1544,Terra,MODIS,26,6.1NRT,283.77,2.97,N
21.92578,83.35941,305.83,1.26,1.11,2025-08-14,2142,Aqua,MODIS,66,6.1NRT,291.64,6.66,N
21.92773,83.34767,304.62,1.26,1.11,2025-08-14,2142,Aqua,MODIS,61,6.1NRT,291.41,5.82,N
20.96064,85.19023,311.74,1.03,1.01,2025-08-15,0351,Terra,MODIS,53,6.1NRT,291.59,4.77,D
20.79277,85.258,314.33,1.04,1.02,2025-08-15,0351,Terra,MODIS,41,6.1NRT,294.48,6.7,D
20.80167,85.25948,313.93,1.04,1.02,2025-08-15,0351,Terra,MODIS,24,6.1NRT,293.79,6.09,D
23.77666,86.85977,313.41,1.11,1.05,2025-08-15,0351,Terra,MODIS,62,6.1NRT,294.64,7.3,D
23.80314,86.33147,316.55,1.06,1.03,2025-08-15,0351,Terra,MODIS,69,6.1NRT,296.01,8.58,D
23.77003,86.36691,313.27,1.06,1.03,2025-08-15,0351,Terra,MODIS,33,6.1NRT,294.23,5.34,D
23.76382,86.40724,313.8,1.07,1.03,2025-08-15,0351,Terra,MODIS,35,6.1NRT,294.23,5.84,D
23.90377,85.09547,312.74,1,1,2025-08-15,0351,Terra,MODIS,60,6.1NRT,295.5,5.71,D
22.0395,83.73397,307.75,1.01,1,2025-08-15,0351,Terra,MODIS,27,6.1NRT,288.98,4.14,D
20.96454,86.01373,311.61,1.09,1.04,2025-08-15,0351,Terra,MODIS,63,6.1NRT,293.15,5.97,D
20.94913,86.05285,313.47,1.1,1.04,2025-08-15,0351,Terra,MODIS,67,6.1NRT,293.86,6.48,D
21.07582,85.03936,316.88,1.02,1.01,2025-08-15,0351,Terra,MODIS,72,6.1NRT,291.52,10.15,D
23.16212,82.33685,311.89,2.5,1.52,2025-08-15,0837,Aqua,MODIS,63,6.1NRT,292.96,19.05,D
22.74894,69.55257,317.08,1.46,1.19,2025-08-15,1013,Aqua,MODIS,27,6.1NRT,297.07,15.99,D
22.51445,72.0565,319.71,2.19,1.43,2025-08-15,1013,Aqua,MODIS,37,6.1NRT,294.1,26.25,D
22.03731,83.7327,318.8,1.28,1.12,2025-08-16,0913,Aqua,MODIS,71,6.1NRT,285.71,17.74,D
23.77251,86.19476,317.83,1.98,1.37,2025-08-16,0913,Aqua,MODIS,67,6.1NRT,295.03,20.78,D
24.90817,75.48434,312.84,1.44,1.19,2025-08-16,0915,Aqua,MODIS,57,6.1NRT,293.54,7.6,D
23.77575,86.365,309.51,1.11,1.05,2025-08-16,1524,Terra,MODIS,42,6.1NRT,293.15,5.8,N
22.36853,87.29866,308.21,1.19,1.08,2025-08-16,1524,Terra,MODIS,69,6.1NRT,293.36,5.81,N
22.38034,87.27962,306.92,1.19,1.08,2025-08-16,1524,Terra,MODIS,66,6.1NRT,293.29,5.38,N
22.21586,84.8645,305.24,1,1,2025-08-16,1524,Terra,MODIS,63,6.1NRT,288.11,4.33,N
22.80262,86.08869,305.2,1.07,1.03,2025-08-16,1524,Terra,MODIS,53,6.1NRT,293.14,3.84,N
23.67798,86.09734,313.05,1.08,1.04,2025-08-16,1524,Terra,MODIS,85,6.1NRT,290.93,9.55,N
23.67665,86.08701,309.61,1.08,1.04,2025-08-16,1524,Terra,MODIS,75,6.1NRT,291.25,6.73,N
23.76124,86.39969,314.71,1.11,1.05,2025-08-16,1524,Terra,MODIS,83,6.1NRT,292.77,10.61,N
23.77421,86.20415,307.74,1.09,1.04,2025-08-16,1524,Terra,MODIS,67,6.1NRT,293.01,5.55,N
23.78471,85.57195,305.22,1.04,1.02,2025-08-16,1524,Terra,MODIS,57,6.1NRT,292.3,4.2,N
21.08358,85.04114,304.52,1,1,2025-08-16,2121,Aqua,MODIS,60,6.1NRT,287.61,4.96,N
21.68068,84.04361,303.51,1.04,1.02,2025-08-16,2121,Aqua,MODIS,55,6.1NRT,290.73,3.7,N
20.96993,85.17862,302.97,1,1,2025-08-16,2121,Aqua,MODIS,48,6.1NRT,284.28,3.93,N
22.789,86.20615,312.53,1.25,1.11,2025-08-17,0332,Terra,MODIS,46,6.1NRT,286.27,6.26,D
22.36452,87.30677,309.04,1.1,1.05,2025-08-17,0332,Terra,MODIS,54,6.1NRT,280.15,5.23,D
23.68991,91.3221,311.49,1.33,1.14,2025-08-17,0816,Aqua,MODIS,31,6.1NRT,291.67,7.11,D
23.98836,70.00533,328.58,1,1,2025-08-17,0954,Aqua,MODIS,35,6.1NRT,304.73,12.41,D
23.77541,86.20776,317.04,1.02,1.01,2025-08-18,0854,Aqua,MODIS,71,6.1NRT,291.82,8.66,D
21.80882,80.18684,309.8,1.81,1.32,2025-08-18,0854,Aqua,MODIS,42,6.1NRT,288.83,6.3,D
23.77405,86.19807,314.93,1.02,1.01,2025-08-18,0854,Aqua,MODIS,64,6.1NRT,292.62,6.83,D
24.49528,71.27592,319.88,4.38,1.93,2025-08-18,1032,Aqua,MODIS,50,6.1NRT,291.49,55.02,D
22.36763,87.29964,304.38,1.11,1.05,2025-08-18,1507,Terra,MODIS,59,6.1NRT,288.84,4.14,N
27.98271,94.22015,314.03,1.04,1.02,2025-08-19,0313,Terra,MODIS,66,6.1NRT,296.07,6.98,D
28.81044,77.14433,314.62,1.87,1.34,2025-08-19,0449,Terra,MODIS,50,6.1NRT,293.1,13.11,D
28.68228,77.0117,315.41,1.84,1.33,2025-08-19,0449,Terra,MODIS,61,6.1NRT,293.18,15.01,D
32.21149,75.66078,311.89,1.3,1.13,2025-08-19,0449,Terra,MODIS,63,6.1NRT,295.39,6.37,D
24.42227,72.70981,313.52,1.19,1.08,2025-08-19,0451,Terra,MODIS,51,6.1NRT,293.8,5.89,D
10.04585,79.12067,326.69,1,1,2025-08-19,0928,Aqua,MODIS,62,6.1NRT,307.72,7.09,D
9.63023,77.87487,327.8,1.03,1.01,2025-08-19,0928,Aqua,MODIS,75,6.1NRT,311.38,8.05,D
10.04457,79.11178,330.04,1,1,2025-08-19,0928,Aqua,MODIS,73,6.1NRT,307.43,11.04,D
11.67287,79.14758,328.57,1.02,1.01,2025-08-19,0928,Aqua,MODIS,80,6.1NRT,295.3,17.93,D
9.17492,77.42324,326.66,1.07,1.03,2025-08-19,0928,Aqua,MODIS,66,6.1NRT,307.46,11.29,D
9.33377,77.86408,343.64,1.03,1.01,2025-08-19,0928,Aqua,MODIS,90,6.1NRT,309.21,33.55,D
29.55156,74.50309,315.74,1,1,2025-08-19,0934,Aqua,MODIS,46,6.1NRT,294.49,6.86,D
23.16532,82.33396,306.48,1.23,1.1,2025-08-19,1544,Terra,MODIS,68,6.1NRT,282.51,9.36,N
23.16543,82.34468,304.3,1.03,1.01,2025-08-19,2140,Aqua,MODIS,44,6.1NRT,291.08,5.41,N
23.17426,82.34628,303.46,1.03,1.01,2025-08-19,2140,Aqua,MODIS,38,6.1NRT,289.85,4.37,N
23.16695,82.33499,302.72,1.03,1.01,2025-08-19,2140,Aqua,MODIS,34,6.1NRT,290.16,4.47,N
23.68022,86.08165,307.54,1.06,1.03,2025-08-20,0351,Terra,MODIS,39,6.1NRT,287.22,4.36,D
13.87676,79.92735,315.95,1.16,1.07,2025-08-20,0355,Terra,MODIS,68,6.1NRT,296.12,8.44,D
13.12322,79.91068,312.6,1.14,1.06,2025-08-20,0355,Terra,MODIS,56,6.1NRT,295.69,5.5,D
13.87537,79.93774,316.76,1.16,1.07,2025-08-20,0355,Terra,MODIS,69,6.1NRT,295.83,9.19,D
27.52827,72.43654,314.38,4.64,1.97,2025-08-20,0529,Terra,MODIS,60,6.1NRT,281.7,64.78,D
8.88841,77.85065,325.3,3.35,1.73,2025-08-20,1006,Aqua,MODIS,67,6.1NRT,303.65,39.38,D
8.88735,77.8432,325.96,3.35,1.73,2025-08-20,1006,Aqua,MODIS,66,6.1NRT,303.71,41.16,D
31.31181,75.34327,320.91,1.03,1.01,2025-08-21,0429,Terra,MODIS,74,6.1NRT,296.44,13.08,D
29.99061,76.58629,312.53,1,1,2025-08-21,0429,Terra,MODIS,40,6.1NRT,295.9,5.1,D
30.06711,76.32256,314.45,1.19,1.08,2025-08-21,0913,Aqua,MODIS,60,6.1NRT,298.13,7.74,D
32.63757,74.93375,318.52,1.27,1.12,2025-08-21,0913,Aqua,MODIS,51,6.1NRT,301.26,9.9,D
28.822,76.92119,315.58,1.16,1.07,2025-08-21,0913,Aqua,MODIS,55,6.1NRT,297.43,8.21,D
11.30701,77.85922,310.35,1.03,1.01,2025-08-22,1601,Terra,MODIS,80,6.1NRT,291.23,7.86,N
15.9727,79.79877,319.07,1.12,1.05,2025-08-23,0414,Terra,MODIS,72,6.1NRT,295.74,9.03,D
11.71746,78.69939,318.72,1.01,1,2025-08-24,0926,Aqua,MODIS,48,6.1NRT,299.32,8.86,D
11.70736,78.69182,325.23,1.01,1,2025-08-24,0926,Aqua,MODIS,69,6.1NRT,298.72,14.99,D
10.17752,78.60913,326,1.02,1.01,2025-08-24,0926,Aqua,MODIS,74,6.1NRT,302.81,9.78,D
15.32695,79.19521,317.53,1.02,1.01,2025-08-24,0926,Aqua,MODIS,47,6.1NRT,295.92,10.49,D
11.92369,79.0377,312.47,1.18,1.08,2025-08-24,1544,Terra,MODIS,85,6.1NRT,294.66,11.13,N
23.68455,86.39538,309.28,1.11,1.05,2025-08-25,0351,Terra,MODIS,0,6.1NRT,288.38,6.46,D
23.75703,86.40369,311.26,1.11,1.05,2025-08-25,0351,Terra,MODIS,30,6.1NRT,290.36,5.97,D
10.12875,77.69092,322.46,1.37,1.16,2025-08-25,0357,Terra,MODIS,68,6.1NRT,305.71,11.69,D
10.53094,77.21291,307.85,1.81,1.32,2025-08-25,1622,Terra,MODIS,73,6.1NRT,288.73,18.01,N
10.53929,77.20621,310.46,1.81,1.32,2025-08-25,1622,Terra,MODIS,80,6.1NRT,288.49,21.62,N
18.57172,74.37542,304.3,1.46,1.2,2025-08-25,1624,Terra,MODIS,59,6.1NRT,287.91,10.38,N
10.01533,77.61134,326.95,2.6,1.55,2025-08-26,0907,Aqua,MODIS,78,6.1NRT,302.5,48.91,D
23.76958,86.19768,318.5,1.52,1.22,2025-08-26,0909,Aqua,MODIS,68,6.1NRT,297.09,14.49,D
23.75042,85.85638,316.3,1.44,1.19,2025-08-26,0909,Aqua,MODIS,65,6.1NRT,297.3,12.05,D
20.95025,86.0459,317.16,1.36,1.15,2025-08-26,0909,Aqua,MODIS,37,6.1NRT,296.31,12.84,D
21.0744,85.03316,317.72,1.19,1.09,2025-08-26,0909,Aqua,MODIS,61,6.1NRT,296.57,10.71,D
23.67985,86.39499,319.33,1.56,1.23,2025-08-26,0909,Aqua,MODIS,0,6.1NRT,293.82,18.17,D
22.21313,76.23592,312.49,1.87,1.34,2025-08-26,0909,Aqua,MODIS,53,6.1NRT,291.06,13.53,D
23.67628,86.08516,315.23,1.49,1.2,2025-08-26,0909,Aqua,MODIS,49,6.1NRT,294.32,9.86,D
23.75936,86.3932,319.61,1.57,1.23,2025-08-26,0909,Aqua,MODIS,33,6.1NRT,294.8,13.9,D
20.96132,85.18339,307.54,1.01,1.01,2025-08-26,1526,Terra,MODIS,26,6.1NRT,294.19,4.69,N
21.07964,85.04264,306.44,1.01,1,2025-08-26,1526,Terra,MODIS,57,6.1NRT,293.52,5.01,N
20.96888,85.17254,309.85,1.01,1.01,2025-08-26,1526,Terra,MODIS,43,6.1NRT,293.95,6.02,N
23.78003,86.21076,305.91,1.15,1.07,2025-08-26,1526,Terra,MODIS,62,6.1NRT,290.72,5.39,N
23.76518,86.40438,305.19,1.17,1.08,2025-08-26,1526,Terra,MODIS,32,6.1NRT,287.09,4.88,N
23.75944,86.40025,309.39,1.17,1.08,2025-08-26,1526,Terra,MODIS,63,6.1NRT,286.74,7.82,N
21.92365,83.3489,306.77,1.02,1.01,2025-08-26,1526,Terra,MODIS,58,6.1NRT,292,5.9,N
21.07836,85.0332,308.03,1.01,1,2025-08-26,1526,Terra,MODIS,69,6.1NRT,293.07,6.22,N
20.78744,85.26131,307.95,1.02,1.01,2025-08-26,1526,Terra,MODIS,52,6.1NRT,293.86,5.03,N
20.79628,85.25993,308.54,1.02,1.01,2025-08-26,1526,Terra,MODIS,59,6.1NRT,293.46,5.39,N
20.79501,85.25043,311.86,1.02,1.01,2025-08-26,1526,Terra,MODIS,80,6.1NRT,293.15,8.04,N
20.96831,86.00846,307.55,1.06,1.03,2025-08-26,1526,Terra,MODIS,62,6.1NRT,294.09,5.47,N
23.76702,86.40391,308.43,1.03,1.01,2025-08-26,2114,Aqua,MODIS,67,6.1NRT,284.85,6.87,N
22.57429,85.89777,300.86,1.04,1.02,2025-08-26,2116,Aqua,MODIS,35,6.1NRT,277.21,4.65,N
23.68909,87.11971,311.17,1.1,1.05,2025-08-27,0334,Terra,MODIS,53,6.1NRT,291.55,5.89,D
22.36587,87.30206,312.02,1.06,1.03,2025-08-27,0334,Terra,MODIS,39,6.1NRT,289.3,7.15,D
28.17158,94.79994,316.94,1.01,1.01,2025-08-27,0811,Aqua,MODIS,46,6.1NRT,299.74,6.88,D
8.51655,78.08117,333.93,1.2,1.09,2025-08-27,0943,Aqua,MODIS,84,6.1NRT,303.1,24.26,D
27.40388,70.43774,330.85,1.01,1,2025-08-27,0949,Aqua,MODIS,67,6.1NRT,303.19,11.75,D
23.16843,82.34905,303.25,1.55,1.23,2025-08-27,2155,Aqua,MODIS,54,6.1NRT,288.28,8.11,N
23.17106,82.33458,301.22,1.55,1.23,2025-08-27,2155,Aqua,MODIS,39,6.1NRT,287.97,5.99,N
20.96854,86.01731,311.1,2.5,1.52,2025-08-28,0414,Terra,MODIS,38,6.1NRT,290.63,19.64,D
20.96693,85.18372,310.88,2.16,1.43,2025-08-28,0414,Terra,MODIS,61,6.1NRT,290.75,13.69,D
22.37232,87.27708,315.55,1,1,2025-08-28,0850,Aqua,MODIS,58,6.1NRT,293.09,8.14,D
22.214,84.87006,313.14,1.15,1.07,2025-08-28,0850,Aqua,MODIS,49,6.1NRT,289.77,6.66,D
23.16522,82.33639,313.15,1.57,1.23,2025-08-28,0850,Aqua,MODIS,67,6.1NRT,291.85,13.36,D
23.75893,86.40247,310.6,1.12,1.06,2025-08-28,1507,Terra,MODIS,55,6.1NRT,292.47,7.76,N
22.36863,87.298,303.71,1.07,1.03,2025-08-28,1507,Terra,MODIS,49,6.1NRT,279.53,5.21,N
23.76814,86.40077,307.28,1.12,1.06,2025-08-28,1507,Terra,MODIS,44,6.1NRT,292.49,5.2,N
23.77722,86.21132,304.29,1.14,1.07,2025-08-28,1507,Terra,MODIS,38,6.1NRT,290.58,5.07,N
23.77556,86.20044,303.44,1.14,1.07,2025-08-28,1507,Terra,MODIS,31,6.1NRT,289.18,4.78,N
20.79882,85.25346,301.91,1.43,1.18,2025-08-28,1507,Terra,MODIS,45,6.1NRT,281.71,6.31,N
29.68503,73.38174,318.38,1.15,1.07,2025-08-29,0449,Terra,MODIS,33,6.1NRT,299.71,8.32,D
12.26545,79.33418,322.29,1.01,1,2025-08-29,0924,Aqua,MODIS,69,6.1NRT,302.54,8.31,D
9.26131,77.98813,335.21,1.19,1.09,2025-08-29,0924,Aqua,MODIS,82,6.1NRT,303.75,29.23,D
12.26678,79.34318,325.21,1.01,1,2025-08-29,0924,Aqua,MODIS,74,6.1NRT,301.87,11.66,D
21.17914,81.38293,317.23,1.32,1.14,2025-08-29,0926,Aqua,MODIS,0,6.1NRT,296.01,10.65,D
22.04329,83.72935,300.26,1.03,1.01,2025-08-29,2133,Aqua,MODIS,14,6.1NRT,286.92,4.1,N
23.7743,86.36409,301.46,1.27,1.12,2025-08-29,2133,Aqua,MODIS,24,6.1NRT,286.56,4.96,N
22.04178,83.73898,305.62,1.03,1.01,2025-08-29,2133,Aqua,MODIS,59,6.1NRT,286,7.45,N
19.10002,82.16817,302.45,1,1,2025-08-29,2136,Aqua,MODIS,49,6.1NRT,287.21,4.14,N
21.92209,83.34068,315.17,1,1,2025-08-30,0353,Terra,MODIS,54,6.1NRT,296.38,6.37,D
23.77733,86.2085,317.07,1.11,1.05,2025-08-30,0353,Terra,MODIS,72,6.1NRT,292.76,9.92,D
23.68394,86.39346,310.4,1.13,1.06,2025-08-30,0353,Terra,MODIS,0,6.1NRT,292.49,6.37,D
23.67561,86.08691,313.78,1.1,1.05,2025-08-30,0353,Terra,MODIS,35,6.1NRT,294.58,6.13,D
22.04098,83.7379,318.7,1,1,2025-08-30,0353,Terra,MODIS,65,6.1NRT,292.35,12.51,D
21.92075,83.35011,319.88,1,1,2025-08-30,0353,Terra,MODIS,74,6.1NRT,297.34,10.6,D
23.80504,86.33346,313.66,1.12,1.06,2025-08-30,0353,Terra,MODIS,33,6.1NRT,294.4,7.02,D
23.77977,86.38727,312.22,1.85,1.33,2025-08-30,0826,Aqua,MODIS,14,6.1NRT,291.45,14.73,D
25.40278,85.67551,315.11,1.92,1.35,2025-08-30,0828,Aqua,MODIS,43,6.1NRT,292.56,12,D
25.44127,85.58472,315.06,1.95,1.36,2025-08-30,0828,Aqua,MODIS,62,6.1NRT,292.37,13.03,D
20.86188,84.9928,306.97,1.08,1.04,2025-08-31,0905,Aqua,MODIS,30,6.1NRT,285.2,3.79,D
21.07136,85.04107,313.25,1.09,1.04,2025-08-31,0905,Aqua,MODIS,62,6.1NRT,292.12,5.81,D
23.17995,79.68317,317.87,1.22,1.1,2025-08-31,0907,Aqua,MODIS,59,6.1NRT,297.52,10.94,D
21.91496,83.35216,315.67,1,1,2025-08-31,0907,Aqua,MODIS,45,6.1NRT,297,6.12,D
21.92237,83.34128,316.76,1,1,2025-08-31,0907,Aqua,MODIS,57,6.1NRT,298.27,7.27,D
22.03506,83.7327,323.63,1.02,1.01,2025-08-31,0907,Aqua,MODIS,77,6.1NRT,296.75,13.46,D
22.04387,83.73125,319.15,1.02,1.01,2025-08-31,0907,Aqua,MODIS,46,6.1NRT,297.81,8.55,D
23.67432,86.09005,317.52,1.32,1.14,2025-08-31,0907,Aqua,MODIS,47,6.1NRT,295.78,9.87,D
23.16449,82.33522,307.31,1.05,1.02,2025-08-31,1526,Terra,MODIS,71,6.1NRT,281.02,8.7,N
20.96721,86.0072,308.48,1.08,1.04,2025-08-31,1526,Terra,MODIS,66,6.1NRT,291.89,6.74,N
23.77537,86.20258,307.19,1.17,1.08,2025-08-31,1526,Terra,MODIS,66,6.1NRT,289.74,6.37,N
23.77776,86.21268,300.36,1.11,1.05,2025-08-31,2112,Aqua,MODIS,21,6.1NRT,283.56,3.01,N
23.76095,86.40244,305.26,1.09,1.04,2025-08-31,2112,Aqua,MODIS,15,6.1NRT,288.18,5.8,N
23.68218,86.09453,305.37,1.12,1.06,2025-08-31,2114,Aqua,MODIS,64,6.1NRT,291.59,4.98,N
20.7932,85.25872,306.3,1.14,1.07,2025-08-31,2114,Aqua,MODIS,68,6.1NRT,286.05,8.26,N
20.96957,85.17757,303.69,1.16,1.07,2025-08-31,2114,Aqua,MODIS,23,6.1NRT,285.22,6.61,N
22.36598,87.29789,317.81,1.04,1.02,2025-09-01,0334,Terra,MODIS,65,6.1NRT,292.16,8.98,D
22.3776,87.27955,315.35,1.04,1.02,2025-09-01,0334,Terra,MODIS,18,6.1NRT,292.65,7.65,D
23.77218,86.20019,306.31,1.18,1.08,2025-09-01,0334,Terra,MODIS,46,6.1NRT,285.43,5.86,D
23.77604,86.20689,308.24,1.18,1.08,2025-09-01,0334,Terra,MODIS,45,6.1NRT,285.68,5.9,D
22.36465,87.30773,314,1.04,1.02,2025-09-01,0334,Terra,MODIS,43,6.1NRT,291.7,5.98,D
23.15034,82.34336,302.08,1.37,1.16,2025-09-01,2153,Aqua,MODIS,47,6.1NRT,280.78,7.7,N
11.73175,79.45352,318.99,1.28,1.12,2025-09-02,0417,Terra,MODIS,73,6.1NRT,296.45,11.87,D
10.48149,77.94267,319.58,1.1,1.05,2025-09-02,0417,Terra,MODIS,69,6.1NRT,299.92,4.76,D
23.76582,86.40296,303.74,1.1,1.05,2025-09-02,1507,Terra,MODIS,11,6.1NRT,281.71,4.25,N
20.96988,85.17046,302.12,1.39,1.17,2025-09-02,1507,Terra,MODIS,42,6.1NRT,281.86,6.05,N
22.38086,87.27921,304.43,1.05,1.02,2025-09-02,1507,Terra,MODIS,60,6.1NRT,288.18,4.29,N
22.36474,87.29803,308.31,1.05,1.02,2025-09-02,1507,Terra,MODIS,74,6.1NRT,287.08,7.04,N
23.62803,70.82861,318.25,1.07,1.03,2025-09-03,0451,Terra,MODIS,63,6.1NRT,298.33,8.13,D
23.22148,69.66352,315.03,1.01,1.01,2025-09-03,0453,Terra,MODIS,57,6.1NRT,296.24,7.43,D
8.83896,77.99139,309.72,1.42,1.18,2025-09-03,1544,Terra,MODIS,78,6.1NRT,292.21,10.39,N
8.83711,77.99858,308.64,1.42,1.18,2025-09-03,1544,Terra,MODIS,75,6.1NRT,291.75,9.38,N
23.78055,86.21014,300.39,1.13,1.06,2025-09-03,2129,Aqua,MODIS,18,6.1NRT,287.17,4.85,N
12.15172,79.58297,302.83,1.08,1.04,2025-09-03,2133,Aqua,MODIS,52,6.1NRT,285.75,5.48,N
9.26922,77.47312,304.3,1.28,1.12,2025-09-03,2136,Aqua,MODIS,59,6.1NRT,283.84,7.45,N
20.78907,85.26262,304.06,1.11,1.05,2025-09-04,0353,Terra,MODIS,24,6.1NRT,275.26,4.6,D
23.68114,86.39749,310.25,1.16,1.07,2025-09-04,0353,Terra,MODIS,0,6.1NRT,291.1,7.24,D
20.79066,85.25227,307.23,1.11,1.05,2025-09-04,0353,Terra,MODIS,43,6.1NRT,273.81,6.88,D
9.54974,78.78977,315,1.11,1.05,2025-09-04,0357,Terra,MODIS,45,6.1NRT,285.47,6.83,D
23.75941,86.40437,310.58,2.13,1.42,2025-09-04,0824,Aqua,MODIS,47,6.1NRT,290.79,15.64,D
26.47889,88.30759,316.04,1.39,1.17,2025-09-04,0824,Aqua,MODIS,68,6.1NRT,294.23,11,D
8.97257,77.83123,305.09,2.07,1.4,2025-09-04,1622,Terra,MODIS,45,6.1NRT,293.03,11.02,N
18.15392,78.8699,307.64,2.06,1.4,2025-09-05,0434,Terra,MODIS,49,6.1NRT,289.85,9.29,D
17.74884,78.68477,310.28,2.03,1.39,2025-09-05,0434,Terra,MODIS,27,6.1NRT,291.26,10.61,D
11.97651,76.89008,310.39,1.9,1.35,2025-09-05,0436,Terra,MODIS,39,6.1NRT,291.78,11.45,D
9.62675,77.67745,313.76,2.43,1.5,2025-09-05,0436,Terra,MODIS,35,6.1NRT,278.17,29.85,D
9.62342,77.68244,317.51,2.43,1.5,2025-09-05,0436,Terra,MODIS,54,6.1NRT,279.37,39.41,D
17.26003,78.76898,314.22,2.05,1.39,2025-09-05,0902,Aqua,MODIS,54,6.1NRT,295.46,20.19,D
17.57085,78.50977,313.27,2.12,1.41,2025-09-05,0902,Aqua,MODIS,56,6.1NRT,293.91,15.67,D
23.77715,86.20016,314.52,1.2,1.09,2025-09-05,0905,Aqua,MODIS,30,6.1NRT,293.19,8.38,D
22.3608,87.29619,313.79,1.33,1.14,2025-09-05,0905,Aqua,MODIS,0,6.1NRT,292.42,12.54,D
22.03648,83.72982,323.1,1,1,2025-09-05,0905,Aqua,MODIS,63,6.1NRT,296.63,13.39,D
28.67854,77.03155,313.44,1.59,1.24,2025-09-05,0905,Aqua,MODIS,40,6.1NRT,292.66,10.04,D
29.49604,73.83112,316.33,2.53,1.53,2025-09-05,0905,Aqua,MODIS,42,6.1NRT,293.22,26.3,D
29.70453,73.48491,317.87,2.64,1.56,2025-09-05,0905,Aqua,MODIS,16,6.1NRT,294.17,26.91,D
29.68252,73.38069,317.68,2.69,1.57,2025-09-05,0905,Aqua,MODIS,60,6.1NRT,293.76,27.81,D
29.71673,73.50426,315.89,2.63,1.56,2025-09-05,0905,Aqua,MODIS,30,6.1NRT,293.48,23.9,D
20.784,85.26614,302.33,1.04,1.02,2025-09-05,1526,Terra,MODIS,42,6.1NRT,283.32,4.24,N
21.17959,81.38335,306.82,1.17,1.08,2025-09-05,1526,Terra,MODIS,69,6.1NRT,290.86,6.8,N
23.80339,86.32536,306.17,1.22,1.1,2025-09-05,1526,Terra,MODIS,63,6.1NRT,292.97,5.33,N
23.78008,86.21095,307.28,1.2,1.09,2025-09-05,1526,Terra,MODIS,68,6.1NRT,293.51,6.06,N
23.7746,86.35964,305.68,1.22,1.1,2025-09-05,1526,Terra,MODIS,25,6.1NRT,291.34,4.65,N
23.75951,86.39756,308.64,1.23,1.1,2025-09-05,1526,Terra,MODIS,22,6.1NRT,290.73,7.58,N
23.16539,82.33794,314.29,1.03,1.02,2025-09-05,1526,Terra,MODIS,89,6.1NRT,289.94,12.01,N
22.78856,86.20404,305.2,1.17,1.08,2025-09-05,1526,Terra,MODIS,56,6.1NRT,292.84,4.67,N
22.04202,83.73079,305.77,1,1,2025-09-05,1526,Terra,MODIS,63,6.1NRT,279.19,6.83,N
22.37139,87.30402,305.99,1.06,1.03,2025-09-05,2110,Aqua,MODIS,57,6.1NRT,292.18,4.45,N
23.76792,86.3986,307.94,1.2,1.09,2025-09-05,2110,Aqua,MODIS,17,6.1NRT,293.26,6.45,N
23.76641,86.41,307.56,1.19,1.09,2025-09-05,2110,Aqua,MODIS,22,6.1NRT,292.78,6.14,N
23.17228,82.33351,302.01,2.2,1.44,2025-09-05,2110,Aqua,MODIS,46,6.1NRT,289.03,11.28,N
23.17013,82.35438,300.51,2.19,1.44,2025-09-05,2110,Aqua,MODIS,21,6.1NRT,289,8.99,N
23.17009,82.34679,304.2,2.19,1.44,2025-09-05,2110,Aqua,MODIS,59,6.1NRT,289.21,16.28,N
22.57487,85.89764,303.88,1.23,1.1,2025-09-05,2110,Aqua,MODIS,57,6.1NRT,292.03,4.65,N
20.97372,85.17682,306.12,1.29,1.13,2025-09-05,2112,Aqua,MODIS,67,6.1NRT,291.28,8.15,N
23.69319,87.10347,314.36,1.06,1.03,2025-09-06,0334,Terra,MODIS,61,6.1NRT,296.06,6.73,D
22.37955,87.28024,314.35,1.03,1.01,2025-09-06,0334,Terra,MODIS,26,6.1NRT,295.71,6.29,D
23.80405,86.32849,316.94,1.14,1.06,2025-09-06,0334,Terra,MODIS,62,6.1NRT,296.55,8.59,D
33.79697,74.93441,306.94,2.48,1.52,2025-09-06,0510,Terra,MODIS,58,6.1NRT,292.9,18.44,D
14.3567,80.14169,327.66,1.51,1.21,2025-09-06,0939,Aqua,MODIS,76,6.1NRT,301.55,24.63,D
14.35841,80.15533,349.56,1.52,1.22,2025-09-06,0939,Aqua,MODIS,71,6.1NRT,302,89.52,D
9.31573,77.47245,328.03,1.01,1,2025-09-06,0939,Aqua,MODIS,80,6.1NRT,305.06,11.04,D
15.17292,76.66045,323.56,1.03,1.01,2025-09-06,0939,Aqua,MODIS,30,6.1NRT,303.9,10.6,D
15.17798,76.66694,305.76,1.04,1.02,2025-09-06,1605,Terra,MODIS,56,6.1NRT,295.16,4.09,N
15.17673,76.65749,306.48,1.04,1.02,2025-09-06,1605,Terra,MODIS,31,6.1NRT,295.16,4.4,N
30.47673,77.63182,302.72,1.29,1.13,2025-09-06,2146,Aqua,MODIS,51,6.1NRT,290.28,5.71,N
23.16584,82.34035,311.53,1.22,1.1,2025-09-06,2148,Aqua,MODIS,83,6.1NRT,288.7,14.12,N
15.181,76.65756,303.08,1.02,1.01,2025-09-06,2153,Aqua,MODIS,53,6.1NRT,292.65,4.28,N
15.17966,76.66673,302.97,1.02,1.01,2025-09-06,2153,Aqua,MODIS,52,6.1NRT,292.49,4.12,N
24.41201,84.25037,311.8,1.69,1.28,2025-09-07,0414,Terra,MODIS,52,6.1NRT,293.89,10.52,D
14.88796,79.35806,314.37,1.18,1.08,2025-09-07,0417,Terra,MODIS,37,6.1NRT,297.34,5.53,D
15.62852,79.29042,318.38,1.15,1.07,2025-09-07,0417,Terra,MODIS,65,6.1NRT,300.77,9.57,D
14.72525,79.80717,328.95,1.25,1.11,2025-09-07,0417,Terra,MODIS,79,6.1NRT,301.58,22.87,D
10.64725,77.95978,325.1,1.12,1.05,2025-09-07,0417,Terra,MODIS,78,6.1NRT,300.01,10.41,D
11.58302,77.88193,314.3,1.09,1.04,2025-09-07,0417,Terra,MODIS,70,6.1NRT,291.46,4.87,D
8.99606,77.77946,327.74,1.14,1.07,2025-09-07,0417,Terra,MODIS,78,6.1NRT,304.32,10.24,D
23.6814,86.39269,317.95,1.13,1.06,2025-09-07,0841,Aqua,MODIS,0,6.1NRT,298.51,9.78,D
23.77233,86.20243,321.05,1.15,1.07,2025-09-07,0841,Aqua,MODIS,74,6.1NRT,303.08,12.27,D
23.75407,85.85284,317.06,1.19,1.09,2025-09-07,0841,Aqua,MODIS,62,6.1NRT,299.16,9.25,D
20.96061,85.17791,314.48,1.44,1.19,2025-09-07,0841,Aqua,MODIS,43,6.1NRT,294.07,9.94,D
23.68718,87.11941,318.95,1.06,1.03,2025-09-07,0841,Aqua,MODIS,54,6.1NRT,301.17,9.14,D
23.67218,86.39443,319.94,1.13,1.06,2025-09-07,0841,Aqua,MODIS,63,6.1NRT,299.9,12.21,D
22.36773,87.30126,309.26,1.04,1.02,2025-09-07,1507,Terra,MODIS,71,6.1NRT,294.49,5.83,N
21.07897,85.03536,304.54,1.37,1.16,2025-09-07,1507,Terra,MODIS,60,6.1NRT,288.46,6.01,N
20.96593,85.16628,307.2,1.35,1.15,2025-09-07,1507,Terra,MODIS,71,6.1NRT,287.98,8.31,N
20.968,86.01157,302.09,1.21,1.09,2025-09-07,1507,Terra,MODIS,43,6.1NRT,285.64,5.14,N
20.96624,86.00039,301.71,1.21,1.09,2025-09-07,1507,Terra,MODIS,44,6.1NRT,285.31,4.47,N
20.96795,85.17881,307.01,1.35,1.15,2025-09-07,1507,Terra,MODIS,70,6.1NRT,288.04,8.51,N
23.76141,85.87,306.66,1.13,1.06,2025-09-07,1509,Terra,MODIS,67,6.1NRT,294.31,5.05,N
23.48573,87.36272,306.88,1.02,1.01,2025-09-07,1509,Terra,MODIS,66,6.1NRT,294.26,4.06,N
23.75977,85.85932,305.78,1.13,1.06,2025-09-07,1509,Terra,MODIS,64,6.1NRT,294.73,4.64,N
23.77505,86.20437,306.71,1.1,1.04,2025-09-07,1509,Terra,MODIS,34,6.1NRT,290.24,5.55,N
29.69945,73.98414,316.32,1.29,1.13,2025-09-08,0451,Terra,MODIS,33,6.1NRT,296.91,9.08,D
27.83731,73.94838,312.95,1.38,1.16,2025-09-08,0451,Terra,MODIS,58,6.1NRT,294.69,7.6,D
27.98553,74.2118,312.32,1.42,1.18,2025-09-08,0451,Terra,MODIS,45,6.1NRT,294.39,7.89,D
28.59161,74.05804,313.61,1.36,1.15,2025-09-08,0451,Terra,MODIS,51,6.1NRT,293.45,8.57,D
12.61995,77.71961,315.07,1.42,1.18,2025-09-08,0920,Aqua,MODIS,65,6.1NRT,298.14,10.18,D
23.7727,86.20012,316.05,2.39,1.49,2025-09-08,0922,Aqua,MODIS,65,6.1NRT,294.29,22.54,D
22.03596,83.72701,306.53,1.66,1.27,2025-09-08,1546,Terra,MODIS,6,6.1NRT,286.38,13.48,N
20.79555,85.25411,305.11,2.07,1.4,2025-09-08,1546,Terra,MODIS,60,6.1NRT,291.26,10.78,N
18.57077,74.28989,301.28,1.74,1.29,2025-09-08,1546,Terra,MODIS,36,6.1NRT,288.35,10.07,N
23.76423,86.39619,305.6,1.06,1.03,2025-09-08,2127,Aqua,MODIS,13,6.1NRT,289.67,4.42,N
23.75745,85.85997,305.18,1.03,1.01,2025-09-08,2127,Aqua,MODIS,62,6.1NRT,292.13,4.35,N
23.80232,86.33105,304.28,1.06,1.03,2025-09-08,2127,Aqua,MODIS,59,6.1NRT,286.71,4.53,N
23.68149,86.3949,310,1.06,1.03,2025-09-08,2127,Aqua,MODIS,78,6.1NRT,290,8.52,N
23.77522,86.21326,304.46,1.05,1.02,2025-09-08,2127,Aqua,MODIS,60,6.1NRT,289.11,4.42,N
23.76262,86.40621,309.49,1.06,1.03,2025-09-08,2127,Aqua,MODIS,69,6.1NRT,289.44,7.22,N
20.96426,85.17844,305.39,1.03,1.01,2025-09-08,2129,Aqua,MODIS,48,6.1NRT,293,4.05,N
21.92387,83.349,302.86,1.03,1.01,2025-09-08,2129,Aqua,MODIS,23,6.1NRT,290.6,4.3,N
20.96275,85.188,306.12,1.03,1.01,2025-09-08,2129,Aqua,MODIS,39,6.1NRT,293.06,4.51,N
20.97309,85.18,305.61,1.03,1.01,2025-09-08,2129,Aqua,MODIS,2,6.1NRT,292.29,3.87,N
20.96576,85.16891,305.93,1.03,1.01,2025-09-08,2129,Aqua,MODIS,38,6.1NRT,292.77,4.2,N
20.79428,85.25426,307.22,1.03,1.02,2025-09-08,2129,Aqua,MODIS,67,6.1NRT,291.55,5.94,N
23.77196,86.36701,314.37,1.18,1.08,2025-09-09,0353,Terra,MODIS,54,6.1NRT,293.15,7,D
20.9616,85.18805,316.84,1.12,1.05,2025-09-09,0355,Terra,MODIS,66,6.1NRT,296.74,9.78,D
21.92166,83.3513,314.05,1,1,2025-09-09,0355,Terra,MODIS,59,6.1NRT,289.55,7.78,D
21.07783,85.03395,310.61,1.1,1.05,2025-09-09,0355,Terra,MODIS,57,6.1NRT,291.62,5.87,D
21.07625,85.04421,309.12,1.1,1.05,2025-09-09,0355,Terra,MODIS,51,6.1NRT,290.28,4.73,D
20.96483,85.16718,315.94,1.12,1.05,2025-09-09,0355,Terra,MODIS,67,6.1NRT,295.83,8.67,D
20.96322,85.17758,313.8,1.12,1.05,2025-09-09,0355,Terra,MODIS,63,6.1NRT,295.09,6.83,D
18.56757,74.28149,301.58,1.6,1.25,2025-09-09,1624,Terra,MODIS,42,6.1NRT,290.9,6.34,N
18.57746,74.17622,301.06,1.57,1.24,2025-09-09,1624,Terra,MODIS,29,6.1NRT,290.79,6.46,N
21.10458,72.6372,313.47,1.34,1.15,2025-09-09,1626,Terra,MODIS,87,6.1NRT,295.94,15.03,N
19.09295,82.16319,312.39,1.27,1.12,2025-09-10,0858,Aqua,MODIS,29,6.1NRT,294.84,7.56,D
20.95987,85.1823,316.84,1,1,2025-09-10,0900,Aqua,MODIS,39,6.1NRT,299.05,6.58,D
20.4907,84.89196,313.79,1,1,2025-09-10,0900,Aqua,MODIS,48,6.1NRT,298.38,6.37,D
28.07496,76.403,314.26,2.08,1.4,2025-09-10,0902,Aqua,MODIS,34,6.1NRT,294.42,17.83,D
21.92507,83.35027,310.44,1.58,1.24,2025-09-11,0334,Terra,MODIS,59,6.1NRT,287.29,10.27,D
22.76059,88.30677,311.33,1,1,2025-09-11,0334,Terra,MODIS,57,6.1NRT,291.75,4.35,D
20.96732,86.01661,313.27,1.09,1.04,2025-09-11,0334,Terra,MODIS,51,6.1NRT,296.09,5.59,D
27.75224,96.02258,325.41,1.11,1.05,2025-09-11,0803,Aqua,MODIS,82,6.1NRT,294.68,20.23,D
27.75049,96.01175,312.93,1.11,1.05,2025-09-11,0803,Aqua,MODIS,68,6.1NRT,294.46,6.61,D
21.1075,72.64198,313.97,1.76,1.3,2025-09-12,0414,Terra,MODIS,0,6.1NRT,289.64,15.01,D
23.16419,82.33712,310.17,1.37,1.16,2025-09-12,0414,Terra,MODIS,65,6.1NRT,282.73,12.48,D
10.483,77.94144,322.39,1.15,1.07,2025-09-12,0417,Terra,MODIS,75,6.1NRT,298.8,11.56,D
20.9695,85.1725,309.48,1.31,1.14,2025-09-12,1507,Terra,MODIS,76,6.1NRT,292.19,9.11,N
21.08187,85.03855,306.96,1.33,1.14,2025-09-12,1507,Terra,MODIS,17,6.1NRT,289.95,10.09,N
23.68454,86.39417,305.3,1.07,1.03,2025-09-12,1509,Terra,MODIS,27,6.1NRT,285.33,5.18,N
22.36787,87.30318,306.25,1.03,1.01,2025-09-12,1509,Terra,MODIS,49,6.1NRT,290.2,5.37,N
22.573,85.89374,301.67,1.14,1.07,2025-09-12,1509,Terra,MODIS,43,6.1NRT,280.44,4.17,N
21.10704,72.64386,307.33,1.17,1.08,2025-09-12,2225,Aqua,MODIS,71,6.1NRT,277.9,10.26,N
28.58789,74.0574,317.88,1.39,1.17,2025-09-13,0451,Terra,MODIS,49,6.1NRT,301.07,9.05,D
23.97069,72.90279,313.27,1.42,1.18,2025-09-13,0453,Terra,MODIS,37,6.1NRT,296.68,8.4,D
23.96839,72.91624,313.61,1.42,1.18,2025-09-13,0453,Terra,MODIS,40,6.1NRT,297.05,8.67,D
21.03675,71.4253,310.8,1.29,1.13,2025-09-13,0453,Terra,MODIS,50,6.1NRT,291.88,5.51,D
21.18009,81.38602,315.4,1.02,1.01,2025-09-13,0917,Aqua,MODIS,0,6.1NRT,295.38,7.14,D
21.92113,83.34248,315.87,1.24,1.11,2025-09-13,0920,Aqua,MODIS,56,6.1NRT,296.05,9.01,D
22.04115,83.73268,320.55,1.31,1.13,2025-09-13,0920,Aqua,MODIS,69,6.1NRT,294.99,14.62,D
23.99668,69.19711,311.13,4.14,1.88,2025-09-13,0920,Aqua,MODIS,0,6.1NRT,291.06,39.28,D
26.6467,74.8457,315.06,1.43,1.18,2025-09-13,0920,Aqua,MODIS,53,6.1NRT,299.71,8.87,D
22.04449,83.73141,302.02,1.72,1.29,2025-09-13,1546,Terra,MODIS,12,6.1NRT,274.32,10.38,N
20.95593,86.05569,303.75,1.03,1.01,2025-09-13,2125,Aqua,MODIS,55,6.1NRT,288.7,4.17,N
21.92779,83.35321,305.93,1.09,1.04,2025-09-13,2125,Aqua,MODIS,66,6.1NRT,290.12,6.1,N
21.76788,84.02267,304.7,1.04,1.02,2025-09-13,2125,Aqua,MODIS,61,6.1NRT,288.62,4.85,N
21.68246,84.04179,305.11,1.03,1.02,2025-09-13,2125,Aqua,MODIS,63,6.1NRT,290.05,4.87,N
21.08126,85.04188,304.1,1,1,2025-09-13,2125,Aqua,MODIS,58,6.1NRT,291.15,4.63,N
20.96875,85.17839,305.08,1,1,2025-09-13,2125,Aqua,MODIS,63,6.1NRT,290.99,4.51,N
20.96734,85.18768,305.67,1,1,2025-09-13,2125,Aqua,MODIS,65,6.1NRT,291.12,4.84,N
22.37824,87.28011,313.54,1.43,1.18,2025-09-14,0355,Terra,MODIS,37,6.1NRT,291.63,11.37,D
22.03915,83.73576,313.25,1.01,1.01,2025-09-14,0355,Terra,MODIS,52,6.1NRT,286.64,8.63,D
21.91941,83.35457,312.15,1,1,2025-09-14,0355,Terra,MODIS,63,6.1NRT,288.61,6.09,D
21.6783,84.04303,308.18,1.03,1.01,2025-09-14,0355,Terra,MODIS,33,6.1NRT,285.81,5.09,D
19.09808,82.16726,312.92,1,1,2025-09-14,0357,Terra,MODIS,66,6.1NRT,293.36,6.9,D
9.15111,77.35258,320.04,1.24,1.11,2025-09-14,0400,Terra,MODIS,38,6.1NRT,301.56,7.73,D
11.83554,78.91727,316.49,1.1,1.05,2025-09-14,0400,Terra,MODIS,66,6.1NRT,299.19,6.49,D
9.35596,77.35793,312.39,1.64,1.26,2025-09-14,2208,Aqua,MODIS,80,6.1NRT,289.45,23.78,N
9.35635,77.36647,308.32,1.64,1.26,2025-09-14,2208,Aqua,MODIS,59,6.1NRT,287.94,18.14,N
